0.46628525288971884,0.49857096089118241,0.4689290612656089,0.49023304411008023,0.0021971058085299422,0.97872528841847906
0.36750760295467039,0.31557808999068809,0.40453505419432045,0.33285427935235917,0.084803903885447562,0.94657983470002427
-0.26723753187511895,-0.27948380529337569,-0.34993975961506729,-0.30960418089276492,0.92377798579811843,0.14919677266897469
0.065414768051830219,0.088184763268574495,0.098104304863494141,-0.0046234992576973701,0.5391216431476169,0.71882606423532147
-0.307711160260078,-0.2933005766936389,-0.34469066998080755,-0.29292391535617768,0.92748441588334829,0.13644798197967178
-0.30800544902175536,-0.29299159596444541,-0.32972200167471638,-0.29036581734834099,0.925341074851318,0.1415745794215858
-0.032281130677812291,-0.021950501795560316,-0.067801583032932905,-0.14143441068911616,0.724616957680009,0.53357452125934701
-0.073356416661304769,-0.054207180680858114,-0.013792796293765021,-0.1172102736763624,0.72218913515122907,0.53405207707227853
0.085292358529478501,0.12404259372013443,0.095211680481094116,-0.0047013076985130521,0.51900739963067011,0.73594399096622709
-0.094446269013711198,-0.12095203002470438,-0.11763271650228824,-0.090189640834528295,0.76978503473738868,0.46329166092069363
0.36312345492414022,0.42599807197690037,0.41267825091001564,0.4323072456168523,0.035763681558778626,0.96328731405811674
0.18949229684857222,0.14169626436144406,0.076683888037853795,0.099577908287063033,0.43125948334400743,0.79386658989440795
0.440136542024824,0.41971189127738223,0.37890870553493849,0.389080428216519,0.036320074508004785,0.9628455303369311
0.3726108765036179,0.42599837089262177,0.36754342011480373,0.3878935898078219,0.050497221689608685,0.95757041231265072
-0.3031835707599469,-0.35163586197540025,-0.27978866542783937,-0.3561951096224012,0.93356477845707309,0.12183563820188492
0.2273084566198548,0.16028194005186833,0.17975829026828294,0.12454455651595925,0.35162794002972797,0.83749996595287368
0.25077144794464112,0.2381113095373196,0.27143063271629625,0.18665839355406655,0.24506790588109328,0.88639991708923926
0.23005311373804177,0.26052337883349336,0.23201806082284551,0.22779749090827381,0.24128487329126713,0.88660896959496083
0.20374281057218077,0.27537846454188386,0.256139994810757,0.26279534083136219,0.22427477185247935,0.8946081668743997
0.32395406520684783,0.27730606299655691,0.30079731075380339,0.37082797877775764,0.12798781644571777,0.93162327012034585
0.2658560693637213,0.30377314535296607,0.26905224691077845,0.33521818065157483,0.15955038247230069,0.919670435961365
0.12262905910815944,0.1929237461373072,0.11138714097116365,0.11604393456845685,0.4144167190893937,0.80232176159148938
-0.13064827835910359,-0.16280291968911101,-0.15195462764614875,-0.073274820700671497,0.79621990207723259,0.42498118967677567
-0.11126569911972826,-0.15547689807528658,-0.15054067521692288,-0.082243761150621944,0.79101790203194955,0.43246486475445844
-0.13374725998942291,-0.15642377618028525,-0.14723997090671589,-0.10645082922428867,0.80194885066712773,0.41228096627507838
-0.1230725302603085,-0.15454839916341095,-0.14592811988285292,-0.10095301397712708,0.79709566067852133,0.42074733755171811
-0.13136411434648335,-0.15397141650570526,-0.14621103891159498,-0.094608701782323751,0.79758747752308512,0.42023760921796582
-0.13393389199243591,-0.15014336993666655,-0.14873485509538803,-0.090192177164923462,0.79683611270800403,0.42174117169859504
-0.13834670321522852,-0.14627572744937492,-0.1501219460046323,-0.090829941775630196,0.79747610394169488,0.42059221491769905
-0.14171758600340148,-0.14961589558293903,-0.15232321203376689,-0.094275744802439845,0.80060978717803355,0.41528260208212164
-0.13663319370115476,-0.14780939571808319,-0.15317128011725856,-0.095531942013849375,0.79936137038537702,0.41722740486696486
-0.14146461372346064,-0.15092993606046004,-0.15399867184789862,-0.095327022467014938,0.80156926042864962,0.41367126799734122
-0.14542332183853759,-0.15087645320955337,-0.15236065322197784,-0.098552393795122456,0.80290132980602613,0.4111743607392756
-0.14626797504574701,-0.15086029854802052,-0.15243212552811067,-0.099173878616941491,0.80327696221834732,0.41050549679741999
-0.15178169660928748,-0.15007225338639524,-0.15371048198166731,-0.09868627119194788,0.804691703308823,0.40825208490764031
-0.15067863488612779,-0.14941344975657128,-0.15391570203514376,-0.10076608222018869,0.80478351281583527,0.40791105339479572
0.42230149181589793,0.39911573799359934,0.40878877144820103,0.42357386656690027,0.029918445854305142,0.96448978474490521
0.44781938387115222,0.43686016088455243,0.43362238083873617,0.43755405784822726,0.014902777859228555,0.97059900926938936
0.44700866221067975,0.38604152905746414,0.40245749099306738,0.47868586520519829,0.025434402590494898,0.96838585219761508
0.44422128591164456,0.5034720472620694,0.41798498267271705,0.43865448547779512,0.013520816663904145,0.97327828258658844
0.24438899221438798,0.29264216969809387,0.29779647272343124,0.26686955734269702,0.1841871712211639,0.9099116758803758
0.28309951463711303,0.3504429197859445,0.28762509160696609,0.31156096087980023,0.1393139833742717,0.92686750535366891
0.27619213782406277,0.31095823587752158,0.32312157829600169,0.34131435040414587,0.13263366455074155,0.92902775997861498
0.24861708379170347,0.25611736007853464,0.21239200586259224,0.17204961617586426,0.2687076189752533,0.87647281886593043
0.17228394351642584,0.10586625434223076,0.090862006620628724,0.15496236420363077,0.42257925891859605,0.79752386034693168
0.50493610795519361,0.50635858045594528,0.51008810238842883,0.46544674855436285,0.0013595686504244142,0.98122106605791237
-0.1670178579785665,-0.12418563684620426,-0.15862038974909132,-0.20187427562933302,0.82811486562975056,0.36715675661277192
-0.18994032202968258,-0.13074515714176238,-0.16249198194403355,-0.13681536096084779,0.82062676483463959,0.38016433167464492
-0.17948814279715289,-0.11441363437985216,-0.16435208829237211,-0.13389119714119116,0.81407092540015324,0.39231575884425751
-0.052146899026151841,-0.1044213747965857,-0.091903822743319902,-0.075746898931745979,0.74128443449252779,0.50519326768731854
-0.10886400759519618,-0.11704993185016796,-0.08662447523409933,-0.14786007968315268,0.78026147362039566,0.44817260245413237
-0.03193307031586793,0.009035856296296059,0.027837935181555598,0.021916423664993748,0.6229960081442012,0.64271224761048362
-0.069460585070426767,-0.093671438124372244,-0.090048425255348008,-0.089846833062558251,0.74660546170410236,0.4967926675136034
-0.079623662765477027,-0.038974908656885139,-0.068597812624259333,-0.090063720340244374,0.72690517756635953,0.52451312524116123
-0.086256753247081472,-0.026616329099687044,-0.083986375411558831,-0.042586008744917754,0.71534045802174218,0.54047892324480529
-0.28755572982178834,-0.23940576372854694,-0.28609859490958423,-0.32573188278842846,0.91513971274623396,0.17235015924780051
0.18967032664740269,0.13702066196872467,0.10858216240664104,0.074724501985056563,0.43000385355481219,0.7944613088805772
0.17856882367195226,0.060819323393858371,0.19411026260210018,0.1270681041075957,0.41071444421470871,0.80794575595536955
-0.14102253336516768,-0.086647430079483889,-0.14688506254818681,-0.11115953014405759,0.78712312901964121,0.43763953542882184
-0.092190634585533365,-0.094894603573551284,-0.056496177463151838,-0.11038928538303883,0.750139473872945,0.49283100643185729
-0.11591453981777755,-0.082140087588331079,-0.09726493128243216,-0.11248766572870465,0.76545418586819025,0.46979411834435836
-0.10230102004536261,-0.07542114077610064,-0.15166098172553871,-0.11381806040200178,0.77582104826092779,0.45605560285515856
-0.12319122532226903,-0.057170066280066059,-0.18392114223116185,-0.11580222572813191,0.78685152621435339,0.44322661829827192
-0.11439124908662636,-0.060129069500809609,-0.13841107462700625,-0.11491203930283109,0.77165706923868183,0.46271136455826722
-0.1981101287738975,-0.16069335062609794,-0.24115047416912364,-0.19861848048383171,0.85931687556330827,0.30517856465289095
-0.25309292472920575,-0.27286936784125171,-0.30306222238582881,-0.30521010185547121,0.91437245448316673,0.17244443053565317
-0.29431380828139231,-0.35976623967578969,-0.28458531637945966,-0.3069537988853478,0.92841580467935847,0.13553342509391086
-0.29922606013452507,-0.34717306746711796,-0.36392730452328381,-0.30946462110634892,0.93658582497944209,0.11173553137329262
-0.37404690616724862,-0.33778835503570465,-0.33580226311260203,-0.37848386490788477,0.94693016790256224,0.080480352426226864
0.27278802859128359,0.26652725097742919,0.25821740212637651,0.24873994823769308,0.2036569691862028,0.90175299406088794
0.078799048544176867,0.053578150150320428,0.12890026840145857,-0.0061304810287808875,0.53725807798081648,0.72220719704413194
-0.37521732448332995,-0.42180780095306436,-0.38982444440931524,-0.37986068043445065,0.95848403993577846,0.047110989378128187
-0.37605077686106009,-0.44824441469228427,-0.39494076022638208,-0.3695249575256494,0.96018951860416413,0.045056622750869746
-0.03789044778176355,0.046949006393395845,-0.02746972574217349,-0.034816033107723729,0.65313993021408689,0.61417810850026622
-0.086627555621474617,-0.053632249535252766,-0.034027637822147447,-0.12249975558515781,0.73375331703975211,0.51797419222984509
-0.027487513169388331,0.06289070663135729,0.02348189061250934,0.076926279681933316,0.58329156246593938,0.68240910552515754
-0.02883388981841721,0.017613803019031593,-0.068624285018218725,-0.047118354073273735,0.67858874156444471,0.58567655627647275
-0.05109198778611606,0.0058898512561779415,-0.073981575237575897,-0.042597021655015214,0.69016444646308273,0.57179452972855005
-0.042237526041726994,0.0039017095683423334,-0.08012615192265396,-0.04942449053596272,0.69227497519015602,0.5694861369811075
-0.028830759602219327,0.011749473437058523,-0.07950841027473779,-0.092171083413783397,0.70017225081302881,0.56265178866049737
-0.036610267938863517,0.010489809720113584,-0.071675166309887545,-0.095117463653307477,0.70136945269934292,0.56076553559673747
0.029072412391616675,0.097560398993515624,0.10169397735223473,0.10358179869156922,0.50317901217716343,0.74419572510003174
0.2905593027442448,0.28337728270494567,0.2934408642516792,0.31100616977727441,0.15563984522402907,0.92001717786642379
0.3888468635476921,0.34255468167185837,0.42507784763122652,0.35036386446436285,0.063071540251428693,0.95398716338666512
0.35827210986872732,0.39308178561378143,0.42386030192107516,0.34874099276178128,0.058418942227857817,0.95531445557630634
0.42679336425957332,0.37746619222176275,0.45955915115714435,0.4244360452965722,0.027338469489123218,0.96676755512330692
-0.5003512031636973,-0.4697541951215175,-0.47005227803065935,-0.49302879519245907,0.97910474833363914,0.0018586663404190906
-0.51821655367640607,-0.49321484250402203,-0.49502653384243028,-0.49921502303408022,0.98189829486616786,0.00040315145715130729
-0.50194788654448785,-0.4881143094125952,-0.4792022336036621,-0.48846760467878425,0.98008286127828326,0.00071035471019775809
-0.50467883670616809,-0.48895432910099063,-0.480157754887861,-0.49585917999140938,0.98054896429678617,0.00055460558939912641
-0.30448191932112673,-0.29852901186987696,-0.3308408271058374,-0.3224039964009614,0.92945359470686328,0.12974851440233381
0.48307997669868563,0.49416947654775012,0.49118464946632878,0.52279022191852875,0.00091696614173886193,0.98137715146102877
0.48081033828581271,0.48380552031336899,0.47657388108884902,0.52201224523866019,0.0016624428851198525,0.9803183351742204
-0.30854658141117597,-0.33184065902151128,-0.37508924052321241,-0.32588032907635955,0.93879742120312781,0.10492908846749005
0.46621843349043968,0.41430793424433282,0.43684080721271568,0.45537522421508253,0.014360666298216751,0.97155974127714995
0.46414234691845013,0.41436972362221308,0.43185667053314314,0.4751854365990959,0.013781741553522742,0.97226294257732382
0.27880752625412863,0.28139078244783833,0.27968971040571999,0.23938837481327668,0.19198216147649427,0.90668028922969801
-0.35054429255808672,-0.25966025397187548,-0.33755556432409894,-0.32140508237162413,0.93121124056829208,0.12923621727378487
0.02330555970409548,-0.047130181883349165,0.041197176318030562,-0.00061084646777043866,0.62756780178941129,0.6398460468464664
-0.12423985350388514,-0.076905374965119927,-0.068966212374827793,-0.077680520253895796,0.74840447504745544,0.49558130839761982
-0.10769700073740937,-0.13384023383885341,-0.072971979669866807,-0.074935361913422149,0.76066634308812509,0.47847991651429078
-0.11710127997442915,-0.13541219339384061,-0.074326263750519067,-0.056059904783304859,0.75915842341164641,0.48201895828422625
-0.23018023111114422,-0.24508251907088002,-0.27000226140450556,-0.2772583445081076,0.8982610588249057,0.21360686089140268
-0.3390900869335825,-0.30277343550947788,-0.32283604445910669,-0.26627663079159847,0.92666786730027062,0.13998375323068302
-0.35223419179490956,-0.35486550087467411,-0.33518506151081845,-0.28657267257794783,0.93754623765241429,0.10918093788009953
-0.35376547634963496,-0.35172854694605143,-0.33902563461498142,-0.27900797079566442,0.93703488526943435,0.11140985851855323
-0.35046196105476707,-0.35326890373753017,-0.27773109593196876,-0.28777110415465157,0.93121725324537075,0.12919413081222619
-0.24685232403037469,-0.23999729670872455,-0.17232887692087839,-0.19649865361846136,0.87029866390414157,0.2819144622857257
-0.26466640111124839,-0.21006816198347489,-0.17181461169496634,-0.18461663353141577,0.86587006800089206,0.29292228039232415
-0.23456189842670888,-0.23348271639633073,-0.17054376148034017,-0.18530107537570939,0.86423700235726109,0.29465319453976935
-0.37991079489886836,-0.39526544043717649,-0.41128136507335245,-0.37667600816278757,0.95819493461938732,0.047314602897642888
-0.38299530778230162,-0.36906246947067012,-0.33958047825738097,-0.3097921735538347,0.94473464359534876,0.088577009596937595
-0.36224259756936505,-0.38034929613565349,-0.29735725586724482,-0.35878997198445395,0.94452240257591924,0.089988231030608823
0.28706874991664588,0.31151948380182765,0.33790494188575282,0.22848523322373074,0.16544756071804068,0.91879809052158246
0.34386814855969444,0.22803143769730627,0.26453388044520154,0.30683073444253922,0.17395226165889066,0.91605816116857652
0.36732328413040261,0.33560747696014726,0.29061497968120131,0.34886419876878139,0.10534054445572583,0.93895426909973745
-0.21410444770407419,-0.24187218580056624,-0.16977279803962347,-0.18537332639198376,0.86174447835602819,0.29981184272178152
-0.22415927911509773,-0.21378905153037517,-0.17313332502854464,-0.18077729710071896,0.85779245061659826,0.30701696982595839
-0.19735768438673942,-0.24913116036846755,-0.17794338084774391,-0.17970941279428584,0.86041999769574806,0.30290534366956201
0.48522683884259454,0.42300847553663135,0.41078594458924095,0.42427821271483218,0.019643382283378474,0.96999639750158406
0.34010562165227842,0.27334986636754199,0.35630040418433373,0.34500110915554505,0.11450699856070023,0.93614399983059338
-0.17084557040159626,-0.16316777837930838,-0.20056636207880452,-0.15305705908652345,0.83587091083178144,0.3506792690438979
-0.233280499283191,-0.24456089027917122,-0.26909999484199054,-0.27097951171747037,0.89751055071600205,0.21506441922395403
-0.23605439850423143,-0.24613463946349221,-0.27816510182943149,-0.27844344293961693,0.90073955218777713,0.20738124181022832
-0.23862861209508074,-0.24840182599203159,-0.27559322553045551,-0.28902848662953062,0.90268365555165386,0.20266791918179738
-0.23606979948183285,-0.25095456621085976,-0.28348604579807862,-0.28864973885455092,0.90382158326800432,0.20006915922883128
-0.23785629298579161,-0.24983307004053257,-0.28636688052060921,-0.28741771695688578,0.90416056824972424,0.19919127266882963
-0.23635386312914144,-0.24888996751188963,-0.28681773903697261,-0.2939621183722394,0.9048700279011288,0.19785333916142667
-0.23589820685452187,-0.24900080178286041,-0.28906688351559817,-0.30052543581816865,0.9061460935087704,0.19509678292997878
-0.23710905165068846,-0.25000972110082159,-0.29211582961812044,-0.29971715067065791,0.90678432123803887,0.19340680909169949
-0.23814796461760451,-0.25304544177948429,-0.29562081977651899,-0.3201515831758841,0.91086480022358896,0.18426794719504114
-0.24008786201947227,-0.25178381224417079,-0.29113230990087596,-0.32338843623863711,0.91079050443697296,0.18452372649209259
-0.25187312437498333,-0.31064755109168463,-0.27164108124347247,-0.34026140989589337,0.91985612663577887,0.16061475750979315
-0.17074158726667735,-0.13061454044293053,-0.15811080084579079,-0.12052134539388371,0.81094655796200932,0.39694627732162779
0.40894445977394256,0.35268615443813633,0.44554119749714871,0.40513980953365625,0.041088696979162509,0.96186336612909118
-0.16381770614280949,-0.11256465092506604,-0.14023090463341448,-0.09327160669936814,0.79356221785835035,0.4276396321842324
0.33279981361617261,0.31922570637654418,0.34596520259233965,0.2856579276000179,0.12217189998456235,0.93263312095988249
0.3363256863474498,0.33088954357889672,0.2862383220868695,0.30609966268605182,0.12949260367949156,0.92989670295348592
-0.19037178673945288,-0.16322767729658838,-0.24677053730761359,-0.23477791870264911,0.86655274609652355,0.29089604483974185
-0.054480125029381099,-0.080063749748731969,-0.052936634635176033,-0.086747614716336102,0.72580996322373137,0.52549237896143386
0.099654791520592798,0.16344708522876986,0.15748018118726165,0.094092438195285316,0.42628637906947442,0.79504686129690461
0.10626968758507434,0.11404095133218152,0.1757907394080272,0.17899839199484699,0.40078908030696836,0.81030564572138442
0.10320116602841672,0.12077836582410011,0.19999519032901447,0.085279837435566594,0.43064666462743062,0.79438775314620735
0.50873370539813489,0.44791373565641762,0.4931329279279284,0.45309944905167054,0.0050234151369012991,0.97786943758215039
-0.31701325125719482,-0.30537775325656952,-0.28842323984826812,-0.25581740230208339,0.91865168259418051,0.16117387570683794
0.077230508408339157,0.028496156029361841,0.090341281150928973,-0.010454614820033709,0.56370388251490577,0.69900473918476114
0.088886201457940031,0.044457206628566906,0.10151393286176204,-3.5031819531733746e-05,0.54404445839193838,0.71492545997189005
0.35475757402465125,0.38785704262635712,0.34847323114345241,0.34726977268346665,0.076845148896401372,0.94800842174562983
0.39829714124056004,0.46017326447951418,0.43598550184480406,0.38207580627661619,0.029490038162687249,0.96605443407225
0.49228373728302266,0.52155619167839185,0.4669892923561702,0.49750651060174589,0.0016188227092289731,0.98090429041570937
-0.080401099743484181,-0.049281158274075712,-0.10156002850099796,-0.019242384031594312,0.71918588715762954,0.53656679184381084
-0.17780731263639424,-0.14245994057963832,-0.15727541882569424,-0.088920436050921772,0.80814507365363919,0.40434257552302755
-0.18126500110299151,-0.14410877741582415,-0.14577523579051746,-0.11638040527837706,0.81286941270110979,0.39400875418559467
-0.1885663379455092,-0.14152076580176179,-0.14838064979664245,-0.14267557910894618,0.82077295368277681,0.37924276314302985
-0.19828981545472901,-0.13562297527993164,-0.15008499695624453,-0.15659161099003824,0.82541582579234551,0.37134300098481887
-0.19303797989881827,-0.13240814266828499,-0.15255056786608415,-0.15037677124974896,0.82254777987533101,0.37643792840269119
-0.21229702586637664,-0.13287077329588071,-0.14480455926705987,-0.14562717796409005,0.824567309810607,0.37456055764416119
-0.23013498132248705,-0.26408003393076046,-0.29945349227536466,-0.286225611093475,0.90691032350573764,0.19297751593777901
-0.23362384916487058,-0.2548797705597779,-0.31031073131087233,-0.28713191378878555,0.90783985890400698,0.19130627752333318
-0.23586377607482256,-0.25763060270756971,-0.32410440319684181,-0.30052915486097476,0.91244557003291382,0.18064574967530067
-0.25420893140881012,-0.28070749834378794,-0.2568193283969909,-0.30749389338831246,0.90956800922059522,0.18510653396420462
0.19531301309891544,0.23370952412857077,0.20482402686854936,0.21558917675084419,0.28234271944494638,0.86874780196480528
0.17141068912151639,0.17097617067382639,0.22468011713960756,0.24623101280842116,0.29982666435812932,0.86234756141777003
-0.38777173812716093,-0.40630000808594946,-0.35957357053137334,-0.39841830111881649,0.95738464014068614,0.050113993636200505
0.074994344396043175,0.036433414652764853,0.02435634373341828,-0.027234698377235148,0.59332343955892308,0.67268619177284661
0.13002207655635686,0.13658644726591795,0.11878547405753818,0.21918739760438286,0.38929014801479667,0.81773545395140534
-0.27250283637988382,-0.25237469333296103,-0.28181672412656245,-0.19370590443971397,0.89515724087205373,0.22469072661680967
-0.26847173341145719,-0.23281722209349837,-0.22972442022775946,-0.23858806044832884,0.88981339469008203,0.23384981630997304
-0.28808046020323519,-0.23546274351870639,-0.23605393866992924,-0.27273811808716364,0.89982893040669143,0.21038148114691835
-0.28146310328473173,-0.25762307130328405,-0.24536656051609762,-0.31280468266347272,0.90936366172758665,0.18648037310236543
-0.26555596195762865,-0.26201281908045226,-0.27367596482259671,-0.32861193122215221,0.91387122323184977,0.17485681016710097
-0.2717964142172809,-0.21422656830436917,-0.25759749164571394,-0.30603905922679286,0.90264996817176768,0.20556424100947523
-0.36333625147714604,-0.37634406479205396,-0.42141144691136279,-0.39703703661244671,0.9578703243817781,0.049479265495493419
0.1051002956489831,0.064106727598936111,0.073471826210629448,0.068211237188667201,0.51047343075388085,0.73713027544938181
0.033431744048577433,0.035189132571270237,-0.023827736943894645,-0.074759500354466712,0.6460073260719027,0.62414292961814022
0.33127553511664837,0.32394154317707169,0.352022551819761,0.2797917120935603,0.1217759542449337,0.93305716447646847
0.24985410995044516,0.18653996335726972,0.16053604606807667,0.21459708790057641,0.30059182031656673,0.86201015364746503
0.23592910760283078,0.26927423171794868,0.16847710140501454,0.21882022508442608,0.2679725856872458,0.87716811487231228
0.23834906238014239,0.26754685558620916,0.16807502754036643,0.21871716237660854,0.26786466599500325,0.87719605217277308
0.23847220564930086,0.26792082399685929,0.16872594783921682,0.21867081277148545,0.26739319538655637,0.87738742861448415
0.23963477817331216,0.26809802317591164,0.16890340722882483,0.21881268094008133,0.2667435962152781,0.87768524734345932
0.23983890322959941,0.26936937726974336,0.17029155658058193,0.21838404971452607,0.26573808495511286,0.87811255659222776
0.23985818201815268,0.26860181652842302,0.17060235886461547,0.21839114077685673,0.26583776072340959,0.87802415391152833
-0.3664064935105345,-0.3027877935568779,-0.3018394004157976,-0.36847964379794906,0.93872183933338338,0.1071218045396598
0.29906497790437414,0.28746557917637888,0.30370209376385054,0.35846302341326286,0.13420866046677393,0.92874588416447512
0.22934317480208544,0.24610326455707365,0.25573567800980079,0.2818791031702651,0.21726450825444632,0.89679963560735021
0.23174497919711154,0.24834963363251555,0.26187523729497281,0.27975807545500603,0.21376423103706887,0.89811946954081634
0.23530207033030129,0.25327057988462048,0.25867384358390644,0.276980077011037,0.21251944491477026,0.89846683064012711
0.23388248744418455,0.26415744394402629,0.26661043460308559,0.2775511780236235,0.20577970720466354,0.90121381356366992
0.23190519534867707,0.25784398194028496,0.26989046530938521,0.27876727665220236,0.20737786948519066,0.90066154436708812
0.23296586910507855,0.25529782564734266,0.27174345117527582,0.29717727596882226,0.20102409543495547,0.90355605637053793
0.2322550489237831,0.257209656684243,0.27474397423444652,0.2918171261631976,0.20125608840588816,0.90336038297897447
0.23644170295077299,0.26133984262572507,0.27125546069208417,0.28289705690198447,0.20218568679357751,0.90267968508177365
0.23742010574419756,0.2656906184082834,0.27105041389389078,0.28712246057623336,0.19875126292228373,0.90407139328022246
0.23781428873150867,0.2700169292822957,0.27469396658423018,0.28574266913162855,0.19611782780119247,0.90509114604595498
0.23694108072979952,0.27137342342713655,0.28083892915560615,0.28251645187110247,0.19490965271050475,0.90559304621535386
0.23724428299094266,0.27235048482342983,0.28077539953700736,0.28640758620421747,0.19309231757557388,0.90634163389800937
0.23788488222019263,0.2743689670368078,0.27961814355229087,0.28950824191915703,0.19143049908953891,0.90700867877390179
0.23968104717853617,0.27277684586587403,0.27799101242375096,0.29116217465731664,0.19127597150889109,0.90703383851890451
0.24166936207251108,0.27354748737858459,0.27798387686731768,0.29173118148615396,0.18996880414869,0.90749997223204826
0.24234002291059537,0.27284275923781548,0.27799910787100651,0.29233686553753707,0.18973785619375294,0.90758213366843665
0.24394315128293106,0.27274901770400417,0.27810362586959431,0.29293861916807323,0.18886480326151267,0.90789162103707444
0.24397535525649677,0.2737037192185473,0.27868248471462176,0.29429239016672515,0.18783819280457081,0.90831198328087603
0.097607447390671023,0.054193752107877233,0.018171092127466149,0.054277986904124435,0.54683101442700932,0.71061310337374239
0.38723098176128312,0.36440692102580535,0.46737235945286237,0.39152614177056183,0.042982379417791483,0.96180330492249755
0.37755696700364266,0.39628496455435092,0.44861049997940522,0.40441436531874764,0.03683120211688351,0.96279306807113962
0.38042537463219228,0.40638499146790286,0.43600492538949059,0.44539129172626502,0.029689680316720257,0.96549160005382528
0.42516845461034813,0.37210487779100165,0.38662095732046314,0.33976730543331002,0.058693284523770428,0.95530123634667974
0.25055488245530905,0.24507938554211361,0.23865229414832523,0.22153927838177606,0.23894555768041004,0.88748875021357621
-0.22505833375661061,-0.22150383746200042,-0.24555641688235094,-0.2546826256182495,0.8860137681340281,0.24276011260760666
-0.28096068154609893,-0.23850725345088158,-0.32160854580492415,-0.31401792403679457,0.91733494624578815,0.16703988826676464
0.23707555138950812,0.25724535219982619,0.25526127176410557,0.22123641643610226,0.23330427580370028,0.89000302888694749
0.21199991514981567,0.25749023212376099,0.27097246802599151,0.22078669960177089,0.23827426347951897,0.888604388207345
0.2126414960687967,0.25548755931412609,0.27839327322047286,0.21910906866352062,0.23690328544840145,0.88937766812916108
-0.49936926328088438,-0.48230747265059803,-0.46271134812208814,-0.47864142391330067,0.97868233210846067,0.0021577244427015696
-0.022689086372527024,-0.053305357139870377,0.038056709585087514,0.035645949034683544,0.63518576036619745,0.63350977076679138
0.03796848888219722,0.081896055294932796,0.14179462574075771,0.067042100056915618,0.50542064180918578,0.74371116250680724
0.04203023175743803,0.15365715025850074,0.14847349851344083,0.1330851475972874,0.44450022133884237,0.78612833168369156
-0.32734652936794129,-0.30647164575198382,-0.34818943826764864,-0.32226199862333416,0.93480932962054875,0.11476283657722741
-0.13799489233503959,-0.12192963688483101,-0.16569329542513489,-0.14700677822230987,0.80902242964371751,0.39971460876020715
-0.17531653969099953,-0.16778042055604733,-0.17232102188153681,-0.22545597254307764,0.84745338285042937,0.32869864802711568
0.37251008291405585,0.42697775130901078,0.36906189769833769,0.39910413394183752,0.047733827382910987,0.95858940122720782
0.37097679531535721,0.39293563126353742,0.36743092048851761,0.42776074979582634,0.049628992592143151,0.95795904556621614
0.28500631686031286,0.20776147139865703,0.21701496172664442,0.18530079951794723,0.26709688370941231,0.87765481682141711
0.098855646870059544,0.10765202463286201,0.084908951899592619,0.071773363785427619,0.48856376084783926,0.75264044940132935
0.088647499201162827,0.12974879853325122,0.10623068474815113,0.074434563327353209,0.47400156767801283,0.76320965230948912
0.083852223374747376,0.13521465560274282,0.10706317361017487,0.070667328799973061,0.47532340281948637,0.76273271163960032
0.37098772332202695,0.34917582727245988,0.36471542724803879,0.28899165016860129,0.097167772983093204,0.94215335338721784
0.37190749102255455,0.27023176450862274,0.30942046265439604,0.29008986207193216,0.13893385923017465,0.92812904929519791
0.37767918960088737,0.2921371405463043,0.31099672672281764,0.31449520040211038,0.12041371873166606,0.93405407108033423
0.37150623105757791,0.32220607003394053,0.30553418479712663,0.31790451979825984,0.11227835448039492,0.93628906446926652
0.37390663673543001,0.3125487444719115,0.32000664839788007,0.31773306317919253,0.110109050431075,0.93702683135959797
0.38037627750132003,0.31541238682855527,0.31922012222882962,0.33034369497296362,0.10402883456855383,0.93922349593667276
0.38514841308822118,0.34513572079366234,0.31784923222956024,0.32875244117409874,0.09487159429812142,0.94235490251457354
0.38406805207089822,0.3496721970840645,0.3449289151720174,0.32213325265737508,0.087641510945690615,0.94460838885161136
0.38283585492363464,0.33412712273226686,0.34125860527824525,0.32419079836400272,0.092760633990653041,0.94285559059317292
0.38258988578387448,0.34492165970657729,0.34916230143998644,0.32124474023225091,0.088387145564770786,0.9443335170242243
0.38198777876260298,0.35659159350382685,0.33475244751051386,0.32079142046573184,0.089640155390416032,0.94398645847221974
0.10018874372316611,0.106709444042472,0.08301719607993191,0.071273738623312377,0.48941970563207526,0.75206424354994694
0.099689279946471046,0.10727289437589393,0.083818240687947937,0.071229757442588235,0.48907600099354209,0.75230441699345096
0.099172795736057709,0.10697702674602251,0.082576586396896537,0.071209629779044853,0.48994310109259553,0.75169689222044755
0.098567698785553506,0.10734728809440668,0.083172018794731573,0.071193684636380844,0.48979591499698993,0.75179638644157087
0.0983197102320751,0.10762810565748548,0.083652371918275847,0.071207952734662086,0.48957457068409871,0.75195051264816881
0.09824256172189956,0.10793239892186371,0.083064905520941409,0.071160017110175625,0.48975518904669613,0.75183574003795894
0.09829165667485748,0.10817300575416304,0.083915018490068605,0.071198008236737248,0.48926062410782323,0.75217965850699697
0.098262687399362364,0.10811298484641028,0.083924850338655654,0.071186123513452285,0.48929756216066533,0.75215245605614423
0.098027889433545123,0.10798289304616462,0.08391777584362986,0.071170161060442064,0.48945599119810701,0.75203703449489945
0.098061890279655756,0.10813217686346811,0.084458050333109963,0.071137336518630953,0.489167193374764,0.75223928040212562
0.097946991289808175,0.1084667493342972,0.083969675623382811,0.071146003728300211,0.48928413934234061,0.75216714431797471
0.097813224003537411,0.10846809560821702,0.084106216928656871,0.071081569938841765,0.48930875743816882,0.75214919493964882
0.097626764262566931,0.10838007084806478,0.084767171110630452,0.071038535581551931,0.48915886620784943,0.75224668204136769
0.097701465505979426,0.10828391343491615,0.083924818345467736,0.071059577319070144,0.48951501100680117,0.75200175154891036
0.097791602253393922,0.10813358863420292,0.083892137698387798,0.071047098669279551,0.48955747029775454,0.75197012558330212
0.097932234728282969,0.1081595450658786,0.084259630033227659,0.071058676361529183,0.48932818935631861,0.75212936865279811
0.097854634886944361,0.10816410149347727,0.084613350578032709,0.071058354741849183,0.48920823135888303,0.75221012074041205
0.097752905179511129,0.10820778849496347,0.084837099651885961,0.071076116635083786,0.48912983118722841,0.7522630085116756
0.097810709769720297,0.10822864102152277,0.085011673171058399,0.071071587200570802,0.48902566628460209,0.75233571513121267
0.097843035430983452,0.10825767214570321,0.084702955960202608,0.071083749983449254,0.48912639101000033,0.75226803087849714
0.24423358114875421,0.24488664606451346,0.20196069709504708,0.28695769525794473,0.23257439364858956,0.8914767641018746
0.031775521933437134,0.043339688560758427,-0.022210683765426738,-0.054684476008403704,0.63510720032850954,0.63380590410966731
-0.37326027264880507,-0.43236265785848566,-0.45652375231343295,-0.41491159239481407,0.96608454742198313,0.02932928703202442
0.0095813981924150575,0.013627301072395882,-0.052231843332753478,-0.038078930128902261,0.65752538852249531,0.60833703912272852
-0.020715532037831989,0.0088936226973864805,-0.074591684255250951,-0.096351613997490135,0.69823930918860899,0.56507887017487113
0.30336554618438555,0.32175534291853619,0.28333283030396722,0.30205300080924818,0.14492316032461416,0.92404220208740107
0.47440242459914628,0.47111347512474888,0.45809406182328477,0.50877832859194649,0.0033173193901858689,0.97824908414746337
0.49236345886054095,0.41150717575823692,0.45161109232168578,0.44106030618339143,0.013611189129774659,0.97286114290290593
0.48360551822374748,0.45916757547828979,0.44959942110393025,0.51772477699457653,0.0047789960827325784,0.97818123796668899
0.28538917182210866,0.34092489016737421,0.35054948476036668,0.33190918061073438,0.11480974369912533,0.93539723924291618
-0.42735661989991286,-0.45141283289090794,-0.4165645218815297,-0.4449428147470525,0.96974773208671872,0.017476037415237289
0.095405474468978263,0.026635901334065862,-0.034265521449094921,-0.00095690580366539213,0.60313843777821541,0.66639768396734289
-0.23659643039417333,-0.20027223054407009,-0.19315460426644493,-0.27060276206280237,0.87842785670696255,0.2636099680616466
-0.21123203147358927,-0.15851454137114154,-0.19653723274120732,-0.13211688566178004,0.83865789257146739,0.34781492177558682
-0.20139064064246961,-0.16817514446280682,-0.19117068725645356,-0.14746108067165606,0.84043910206094941,0.34225273573264925
-0.18649440032997575,-0.16154482962970007,-0.18875365314323742,-0.14065456996174971,0.83366242912573107,0.35521676594009355
-0.19643231831109312,-0.16191158514638257,-0.19179949843465244,-0.14383245238114228,0.83736578722197863,0.34838408937052245
-0.20415520695662193,-0.16238501766198515,-0.1889987321542011,-0.13466843217901478,0.8366910933450924,0.35059385768912144
-0.20703113856283456,-0.17551013389866693,-0.18564988478756628,-0.1371092850847983,0.83994391237951094,0.34402335504855619
-0.20070946473708773,-0.18117208952157121,-0.18724951464303929,-0.13782726568932838,0.84024672509536935,0.34308984259429942
-0.20671458899389855,-0.18526894723971016,-0.19050018985845629,-0.13799329320228804,0.84321267263582356,0.33761674540189512
-0.21281233166921995,-0.18265552972184834,-0.19343747914218798,-0.14245217693081552,0.84552458624227511,0.33302672053001015
-0.20895129639407012,-0.19041914011858027,-0.1860429668519023,-0.14065491915546086,0.84438716873669506,0.33518572461297769
-0.21337099045311073,-0.19040350877854575,-0.20463940005552256,-0.14448851019003231,0.85004758954100901,0.324047505540633
-0.22094748116183324,-0.18703057135969864,-0.20839186949224153,-0.14621474559738309,0.85209554895665873,0.32024271581078934
-0.22450188048712194,-0.18683522429242955,-0.21557801466588977,-0.14736562032152267,0.85452917698789277,0.3156037813732141
-0.22439444610733081,-0.18691710818202176,-0.21340265253300003,-0.14783534479273197,0.85415872492353251,0.3162324801805918
0.046550919494530503,0.033464679622059838,0.10739236591248275,0.13109728576908883,0.51007415726219163,0.74089236961660865
-0.28501556352805391,-0.28762977594082567,-0.30429561290385027,-0.26795785607910128,0.91569050615628889,0.16761747956181583
-0.27983953017023333,-0.31306396704468598,-0.30129237137713538,-0.32198870668255042,0.9247513718183431,0.14323229669485382
-0.27723279459246419,-0.31883776135323905,-0.30104296896955579,-0.38094585895667965,0.93227646622668714,0.12733433867285382
0.053090738273001613,0.13480047375428458,0.019812913241499891,0.068388326704977367,0.52761779135564812,0.72805399976657803
0.44076856794028652,0.47711825936363284,0.47050635473473668,0.48739605992082718,0.0050478873930457357,0.97663787493552678
0.47632262140923326,0.52202014238058125,0.49130949834559678,0.47194365549015144,0.0019063687799806273,0.98025983770668546
0.15888054559324694,0.17992943705121683,0.22617974312215505,0.14397428749174015,0.34330755377935973,0.84093900198258875
-0.36875376249604175,-0.44099163657333962,-0.39359935368414889,-0.45182759569088116,0.96472899133557166,0.033766001746378338
0.20599322229388306,0.21014602723527112,0.21550163261212346,0.15389799304346699,0.31008110455325588,0.85662030840179193
0.26161909688842705,0.23590142796806629,0.23582632420181368,0.20153761838682105,0.24831733711547088,0.88412114300568967
0.27127539281976581,0.2527812366215379,0.26940526073495796,0.19375729285994023,0.2292495222376979,0.89298956847900313
0.24865170949473717,0.24784126988449906,0.30205986476268443,0.23415302259990117,0.21070481359146542,0.89994413853664401
0.26864719156399974,0.26658810320390181,0.35213965276801712,0.2519523945134014,0.1741941094470314,0.91541938844795379
0.27473758369068063,0.26444103117996137,0.36013901696700351,0.25097705339483423,0.17122345390173954,0.91695677943080656
0.37941424668910406,0.34957027182857059,0.41038183402419864,0.37417006442227174,0.059209326613964497,0.9544118493003787
0.41201594238292799,0.32011437831444078,0.38467996774128077,0.36864838576390208,0.068213891252017711,0.95224012065086627
0.38545313371276618,0.34752909222396927,0.41576920605672762,0.36128306127200538,0.060780040026294446,0.95416808353734783
0.39095104514704004,0.38000452651054206,0.42359053899569543,0.36238682370881864,0.049784407092989147,0.95778299803685107
0.38547421432836959,0.40290358871782722,0.42115249996488768,0.35730596261534142,0.047935396081679182,0.95853041103879555
0.40814275777306153,0.40682044698166792,0.42125334725123603,0.35394520686497777,0.043670939839632883,0.96024329360246086
-0.030357650386558091,-0.080529366711740949,-0.031625366297408683,-0.00019970509716512458,0.68371730409022469,0.5792408423234906
-0.089830155596171718,-0.075018417108976748,-0.12633536513415963,-0.058109911399934655,0.74900655488868018,0.49527459840094179
-0.16264634559101299,-0.068600131731827566,-0.055506655078868004,-0.07442723420778842,0.75363979852764662,0.49267316958281004
-0.012766522732227878,-0.082925335746326517,-0.06000010977505392,-0.11383767345482505,0.72558899169084623,0.52955159352630854
-0.30806700680562565,-0.39132642199242434,-0.35089085475820303,-0.40631041518578753,0.94985562294611336,0.076569275220661037
0.41296306754346451,0.46325620496138731,0.47126668157790086,0.43153891551569212,0.014334328820509334,0.971914105308887
0.4458535531117091,0.46174241043186914,0.45151655171420818,0.45173987317840492,0.0090341104421514107,0.973504488623116
0.44930083328543879,0.46135115000019494,0.45096786556196633,0.45134750172299554,0.0087964378594774795,0.97360999808889659
0.44531487673095599,0.46020250800150997,0.44322188819574326,0.48349125962735762,0.0080381157445799101,0.97458794625606249
0.44984246959148949,0.46193789952712688,0.44593194046956619,0.47996241958225905,0.0072628580829279255,0.97484349629836853
0.45004209698632192,0.45797643761881529,0.44282105196328825,0.48630350501374764,0.0076890845211677883,0.97482754608909516
0.4498518958569363,0.45999789728727253,0.44891553838764903,0.49885637315225856,0.0067033622257572922,0.97581371011503348
0.43960769960434931,0.45454515200469947,0.45094648354086636,0.47439879838910115,0.0087366538402976479,0.9739508804347321
-0.08740079499443848,-0.1436073555042717,-0.076746620021406461,-0.058027263261761983,0.75421576275145696,0.48917956242252536
-0.15016416944652838,-0.21036394235459493,-0.18578583967159404,-0.16003915161362092,0.8401124106756146,0.34333289027733982
-0.34858099179452051,-0.33769339080286725,-0.33079562225380527,-0.35244546935095988,0.9414985980926257,0.094867206048557806
0.35248942621989154,0.38991241088516843,0.35310091389236214,0.32874409018152168,0.081291661010771121,0.94677783090691514
0.36410421088271505,0.31619682630344453,0.34971235787442267,0.32288644168077113,0.10076138773358856,0.93991568982836393
0.27481072218016062,0.20339069679921076,0.27810379479805863,0.2301969283113324,0.22950253397306541,0.89287117504208258
-0.24340325823452716,-0.23753467732460837,-0.27743441901767918,-0.27961813993059037,0.90062100689161817,0.20771455011240592
-0.06622769804001466,0.017561347315666914,-0.093092558763203284,-0.080419279211799741,0.71119575767275867,0.549613783388057
-0.24781832626160805,-0.24262251271183016,-0.31726122143194418,-0.29719731374027775,0.91055755261934423,0.18483208662311401
-0.2761791495600035,-0.24329103606908703,-0.32551719102324939,-0.31419933140953987,0.91786038195021713,0.16553243509200288
0.34656902978020893,0.39428298710766846,0.3910132357749394,0.41727801955041927,0.052035467368737209,0.95722171798300137
0.34832080303124408,0.40789314943507776,0.37226219636632207,0.39889539425901782,0.056377737424716523,0.95552252619818501
0.32881762880156468,0.25889711366142248,0.33188437999191578,0.31203320872942469,0.14017670546801109,0.92678046665884473
0.30499936279769191,0.25783945755056131,0.3351359966600625,0.31036418152958184,0.14769331676480812,0.923959322920615
0.31369572940558843,0.24717942315517277,0.33814077556148875,0.30836246586818278,0.14917675811160303,0.9239456959079958
0.3060370444428534,0.24563040097573224,0.33414202936171206,0.30743960298566858,0.15372752262715528,0.92218429850749672
-0.39763821171281732,-0.38861008574807704,-0.41509448571244006,-0.3946830119250177,0.96057037545603985,0.040349634087085584
-0.30062858481993826,-0.3708607291149546,-0.37916339725888071,-0.36423632393006444,0.94602515871023529,0.085574402180599418
-0.3749699345870165,-0.39530306814541555,-0.35606218881034218,-0.33887985377506563,0.95039689520030124,0.070651763791967803
-0.33443736945306957,-0.38810594343312088,-0.37019461918496932,-0.38627357562406128,0.95157491993984245,0.067339851338913181
-0.22534023584581531,-0.29836433275032337,-0.30813079002655963,-0.28212287843697637,0.91181299269681737,0.1815796198219024
-0.34146518207829807,-0.30094631117368836,-0.34526290428353013,-0.39994266240616638,0.94352429984014152,0.093995221912646754
-0.38803213025955741,-0.29740225036448864,-0.33746660875663964,-0.36819871258599762,0.94384113550516247,0.09278093829031675
0.30753000797651414,0.29689755069616908,0.27216798056179231,0.25200461925199064,0.17444916833397461,0.91361184933594319
0.37797426505766085,0.40297294211016471,0.37427244825734041,0.42303078382941622,0.044992616823185227,0.95934108215895286
0.27068830350927164,0.25066554249750717,0.2245592560797679,0.25590444762851616,0.2213563381101421,0.89500440345540178
0.29493517659115159,0.23111616087315029,0.2117198228848671,0.25038627889622989,0.22876532247326942,0.89312308668414619
0.29286131138779653,0.23211259966103651,0.27619966302171289,0.20938325241510988,0.22058744712509271,0.89672174551188788
-0.46496580425151879,-0.46777934504004259,-0.4806146977650298,-0.50139834553662121,0.97833721994618661,0.0026398203209470061
0.42575411454238882,0.40320005097668132,0.39259529276333616,0.34388817984955367,0.049521135189403931,0.95848351199940263
0.43137950715485596,0.44458942655444389,0.44897733652542682,0.37192034352564329,0.026431229636806552,0.96730457247183799
0.094506989063778551,0.12270374215242506,0.10585626865459287,0.11857027306122561,0.4553516738167297,0.77482772689936941
0.098995129674904703,0.069049186619648734,0.10617159597727069,0.10472858358100122,0.48204339482774206,0.75725719352884113
0.10970901600258506,0.11948794043044034,0.10691222505640816,0.083441627735890811,0.46482172108624942,0.76875024786333268
0.10292436029589104,0.10763743060992051,0.10673062369056911,0.071322662849397922,0.47797641557752268,0.76003751158473176
0.12388741666573302,0.1329306114395073,0.10769921362595589,0.049810803422855709,0.46888187829925765,0.76809487185800795
0.1267002972666636,0.19877299120724803,0.10733457978829969,0.072054030807179648,0.43301036943424742,0.79343456944977686
0.29134613562314238,0.31263763983342707,0.35027953205408152,0.32341582375277067,0.1238686697880873,0.93195578343203489
0.27783532018516421,0.29476798384580272,0.29495813064598181,0.245402050703552,0.17990870486122879,0.91145696554664357
0.020754384648371746,0.034204401777210444,-0.013771954593101099,0.031485387023550554,0.6054894763197235,0.65885712485963255
0.0060754273150574866,0.0081863827569146203,0.006969392780771709,0.042928666250107293,0.60852573552131717,0.65567015855866884
-0.0010681293153496476,0.070652049706158654,0.050637085671086317,0.03567407355473752,0.57383749033941278,0.6879914496604782
-0.039742979508354204,0.079406345714549437,0.046531478174889139,-0.00061860415064270147,0.60326002712890547,0.66566997448890608
-0.06884528553460359,0.0033226795675019871,0.028696914286613851,0.011060140073758768,0.64351463958823629,0.624663004360273
0.046323178242765606,0.064532158081050631,0.10800056714174541,0.068995236171065441,0.52043870499780231,0.73033796897977465
-0.11304917474241673,-0.19539379720705741,-0.13374909598609963,-0.15173022778152073,0.81470238750524904,0.39222312050328167
-0.15519669146159004,-0.19424388798008188,-0.17404052702534351,-0.14504190788098584,0.83164273421414991,0.35893277143167812
-0.19164073370501997,-0.19075709098311747,-0.20002111876630091,-0.16428607221555266,0.84844668711769955,0.32524646247745936
-0.21281789470354398,-0.18934166752737561,-0.18201472852966757,-0.17322436533828672,0.85068191078800137,0.32082680439303313
0.10144404761276059,0.017322205028022564,0.12942742951348341,0.02442024538775316,0.53014203587317554,0.7276187906788858
0.028454794679788203,-0.10447056721227602,-0.10630985376485957,-0.034623857640837918,0.71095527793656699,0.55392799211677413
-0.16054284887981768,-0.11950165604589738,-0.18200853697859412,-0.13911332705818566,0.81616205559606503,0.38821104973908072
-0.37620148150218724,-0.33564099187795687,-0.34525174449511842,-0.29546908549361206,0.93999014504764167,0.10247999960357512
-0.39808382181050145,-0.32871849908037692,-0.28777756339468075,-0.35006056379773615,0.94137097238349998,0.1016939511098669
-0.29239899902405408,-0.261880851169494,-0.21160130390287257,-0.24458973348735719,0.8965998526607174,0.21980166563704462
-0.38494109261651266,-0.37092577071136074,-0.37915604568842604,-0.32843338010161005,0.95025521541959734,0.071269867831863842
-0.38983345472498959,-0.38640149938394458,-0.34105081047555219,-0.37225700560440805,0.95243746677878238,0.064453477587984143
-0.39518769722788977,-0.37598702132328887,-0.30746687556020574,-0.38051089115165088,0.95001420727138519,0.074768672389823321
-0.34625327142996937,-0.38794220103876453,-0.3263974864405525,-0.3438154535863307,0.94495164383916308,0.086732500866338658
-0.34660141894319674,-0.39304695001183004,-0.38305614215748701,-0.32382176899362258,0.94883692889992377,0.076592562565150679
-0.38192684160753471,-0.37843336992875798,-0.39934573922930344,-0.36373888137312943,0.95514444106943974,0.055800772421794598
-0.39856424976295973,-0.37830033577654026,-0.38929609523577641,-0.34889016614685892,0.95451129610806551,0.05841396672393484
-0.40355651417872329,-0.37084392596237103,-0.37012314061821916,-0.361090411505336,0.95373522905952801,0.060254805172817338
-0.097570409929558538,-0.17032918204627531,-0.071878358812771506,-0.075878944458401959,0.7689481241919951,0.46942780021925756
0.20881088063017444,0.22141411780736628,0.15859400154401918,0.13818720806353474,0.33626197577458816,0.84493023480233742
0.12171963774637569,0.15471127657023553,0.16158452132527118,0.19264624205140626,0.37581701207750595,0.82318212998005058
0.049697780382853593,0.088976391421832543,0.16092360792646651,0.17120717906630428,0.44832160186290848,0.78484572115263496
0.19945837120389151,0.25790196705275897,0.15913996069953332,0.19625330357942694,0.30049640826677704,0.8623294208677077
-0.076923416269914155,-0.091369589966833614,-0.16091627228533739,-0.12693149674453269,0.77962222380754165,0.45125997378850857
-0.078179945742911539,-0.062635695930412197,-0.091501381312501073,-0.097315370844705179,0.74269947321421692,0.50254278430035537
-0.13400239149924537,-0.091868159805722965,-0.11398269727188552,-0.18024763628993223,0.79647746644831208,0.42407439263774604
-0.12946598303959539,-0.10838929360621397,-0.10167714888741924,-0.16787146995941848,0.79287496790024359,0.42857661102621547
-0.12804135901874381,-0.10330370528012076,-0.091835212833238894,-0.16377046499885473,0.78759733843771729,0.43750327915816978
-0.13402691080050602,-0.10457257063027826,-0.098851441180702021,-0.166984999801014,0.79216071274067612,0.42999965364677983
-0.13615894952956439,-0.094311887292529942,-0.11397910881335896,-0.16652621210236179,0.79384611323049525,0.4271778821102834
-0.13592838604291307,-0.085292609672550021,-0.13561350526375637,-0.17327881382565602,0.79896600187633893,0.4196097812541173
-0.13665982628291221,-0.086143561166008811,-0.13853335929976274,-0.17052326474173113,0.79935664660742467,0.41871045222752457
0.38489613324219196,0.40768235383853557,0.38114812995842473,0.35863041640230314,0.054349826819964475,0.95586916969932745
0.35897321284689354,0.39917560511453132,0.4123812445244287,0.36671679411481428,0.053983787928561955,0.95628173434273855
0.22027380275409425,0.20471395611717527,0.19344835903827884,0.21355836435803927,0.28927045785692496,0.86540059427207094
0.21334600194244666,0.20861811810022821,0.2035090437411087,0.21321370490589392,0.28625332884160548,0.86662638041318074
0.21441927363607968,0.21110046470650143,0.1961761430565879,0.21310972162949324,0.28796930720050651,0.86591018826243704
0.21771588925898605,0.21114907197735375,0.1938208821399052,0.2151871424234679,0.28679272593464056,0.86651006075606607
0.22001699123835194,0.21008463385857432,0.19229472135895284,0.21294138067298632,0.28789264123421476,0.8660383947952901
0.21939994268747831,0.21141203786356128,0.1951205054052069,0.21552893491198127,0.28530163837235512,0.8671875822140459
0.22154455060188047,0.20822610003625233,0.20443303353837114,0.21739537056274261,0.28100052701326994,0.86907004110916986
0.22578476548672483,0.20885895444534905,0.20827977367622108,0.21860847926470484,0.27692258049326357,0.87091742038549291
0.22742862860434568,0.20829432518115087,0.21117732375130149,0.22001879632556098,0.27471845817121343,0.87191145721247643
0.22834291278093063,0.20874500758987391,0.2131606988673391,0.22258973453179914,0.27229554651512089,0.87299603737535703
0.23081999769382788,0.20925492409645083,0.21268333494181785,0.22124656947836058,0.27184760132279129,0.87321398898268554
0.23162767938337003,0.20900611728529039,0.21373445101169194,0.22146925676596832,0.27110710755718626,0.8735493911090455
0.2337069366245049,0.20971604450292539,0.21127206814220995,0.22083013632421236,0.27128779237625822,0.87350174596798524
0.23506116421523132,0.20967049336510127,0.20944681358342623,0.22094431368321893,0.27150683765836858,0.87343795402254776
0.23571060376725986,0.20999951474323458,0.21185644953722077,0.22143553081381484,0.26990019541591592,0.87413913564293666
0.23690925729769136,0.20887695568535714,0.20991844711899796,0.22316748962822078,0.27003078133954328,0.87412893774448752
0.23707821024978759,0.20926912203431813,0.21082468907350702,0.22327505458577462,0.26937238438433009,0.87441161667534884
0.23403815699304209,0.2096268197487568,0.21281141718023527,0.22360018279883145,0.26942722323769841,0.87432795468932623
0.18130695915993172,0.20661067889837223,0.16009022631587488,0.20143123681468406,0.32451512226981882,0.84910977766847817
0.091961881643919316,0.036837544360041663,0.056895347122795425,-0.0063435749615687875,0.56557854240798489,0.69652089328308509
0.077388434544427079,0.03708128359896088,0.003396949646040176,-0.0065920017812352155,0.59185971142841876,0.67329369161758956
0.063100205338563947,0.050649019978102991,0.028322366215643789,-0.011501786643305225,0.58393409332968305,0.67955711087312676
0.079623071932267309,0.053058528814613065,0.036269226102919244,-0.0088796627805571363,0.57278940139183521,0.68982558488191237
0.011726008776857415,0.059238282490522147,0.044538384145977793,-0.014727751704264432,0.59548737193346057,0.6693259630452002
0.0072952569605974488,0.062290349750520058,0.037720980728933477,-0.01355901441994118,0.59819663615004748,0.66689169469516296
-0.016556481137070114,0.070281545948697788,0.015556373600753811,-0.010200950005269643,0.61189493289249719,0.65514807649426188
0.0093646734332963194,0.072625233937655534,-0.0027687006477488309,-0.011115042188374395,0.6083501848099645,0.65822392099749383
-0.01050795625386405,0.069795484525579266,0.00036068426010273536,-0.0092603453679017261,0.61506463570256931,0.6519661653952864
-0.0046738073137579869,0.067405779723448356,-0.00096597427255864523,-0.0076912065299935559,0.61347188837560918,0.65309359546607926
-0.01166498810689697,0.066758789548415964,-0.018109769030711546,-0.0064511197148541801,0.62259238771457692,0.64494951959974955
0.1758537953211981,0.15448114206448624,0.22677231317695112,0.22303923458822272,0.31327041238863818,0.85573561385458907
0.2439597780826209,0.24017752588792377,0.2129219336375997,0.22682433934905005,0.25181355275977269,0.88209431160364205
0.27203936194848144,0.23102843894817954,0.18623776371646886,0.22194267022414044,0.2592368739320543,0.88027655756857537
0.27517184151366886,0.21235839092707501,0.19054169396422538,0.23518082423495554,0.25857334387788655,0.88064875997431491
0.2974527438382143,0.21976694287453089,0.20834089995721378,0.25530520914427801,0.23240768651267985,0.89206521968284214
0.34037884133466162,0.29053116149848174,0.37294933293542137,0.29574665116639287,0.11945778787300609,0.93454742111132105
0.27730774890371923,0.31118986362388701,0.32494087580631498,0.30950205500065137,0.14116312004453835,0.92558199449733836
-0.033710892365759304,-0.011147654093798226,-0.1272198196056292,-0.093310915333406588,0.72515329834508135,0.53269037034425804
-0.11683559406217908,-0.092061439581858487,-0.10422014551723181,-0.091804408546585489,0.76456898551594665,0.47085573156709304
-0.34136658475754345,-0.30709519283819514,-0.26877686139412749,-0.25867045281396872,0.92001363520018009,0.15977109240704046
-0.10804104225296289,-0.12309904729733409,-0.068632240827972382,-0.076736879409905034,0.75681538344494981,0.48362186680559516
0.43514229524513348,0.47147428969017963,0.39614609064507061,0.45025986208275687,0.018113888893162455,0.97052830680899982
0.0613477783085239,0.0096400525224850965,-0.015060465802987335,0.046574645424834048,0.59495231792609293,0.6700303195594679
0.039585782020561178,-0.015303765740333319,-0.032476138718823003,0.040931259494398749,0.62159649150195095,0.6455785169599928
-0.052067705806105702,0.023033576253456089,-0.037185536601038453,0.03208225684263033,0.64647145111515347,0.62149129876926457
-0.024328303841419582,0.034333377855398112,-0.052349900111479983,0.040261795043045133,0.63513038282657808,0.63360714258617612
0.045956156509690815,0.030390698541740303,-0.067004033388578951,0.030240623753192149,0.62048310091828052,0.64936975510346528
-0.04341668614105261,0.018457433463804879,-0.049755070388017762,-0.0082589148654685675,0.66302370761837981,0.60219614597424354
0.19351304650623807,0.14398797874975547,0.17022484372791155,0.12539803390480675,0.37484589937270762,0.82377697601543565
0.24605519230006037,0.16626210032318034,0.16725069942824172,0.16163508681403074,0.33040475597642482,0.84794120447677979
0.28659414376231868,0.24907141992399456,0.3153219070713752,0.24617971011055254,0.18701120298841301,0.90940645458030456
-0.4423841661159742,-0.3648595451870465,-0.42433157538324634,-0.4051004973205995,0.96347161761387279,0.035662703499124926
-0.28650262456095421,-0.24514483498598177,-0.27209667001113952,-0.31651779121701457,0.91254769979393224,0.17810114029167612
0.39590214765773674,0.4036155438978577,0.4430970784394288,0.40826497650628507,0.031279919326808625,0.96433334556957218
0.44572630842693728,0.47570758326996032,0.40257413589183905,0.41480208765525062,0.020081857015207594,0.96973933119331301
-0.054642044402277226,0.02536553885415677,-0.027338434460705927,-0.046608505782614745,0.67036600700543203,0.5947801260689064
-0.22683449056469146,-0.2172046070482348,-0.25894268198323234,-0.27296456561820309,0.89097074511054986,0.23221562644343319
0.24651654298149178,0.26373679074930451,0.25346445893494679,0.30127388566421121,0.19775883237294378,0.90466224389670924
-0.06058083963769343,-0.09593699692757951,0.024474081702143463,-0.058227714359621263,0.70094711912879271,0.56246208920050167
0.21598737771037657,0.19387470020984734,0.235824541469036,0.15718743389054696,0.30349826668916613,0.86018471266907748
-0.055786431345469463,-0.033110754811535005,-0.076360626230918341,-0.0720637709480174,0.71422604953354418,0.54063537623479196
-0.05723979624224549,-0.0175398626643345,0.016628356552698106,-0.058483729460058372,0.6749953931153847,0.5896093869594603
-0.057833719328091934,-0.036835967775279088,0.005040230659547373,-0.045067993683485311,0.6806461699313,0.58191089757012837
0.40500935003679428,0.33728549190679058,0.35875404777522474,0.32999710317189207,0.080891075547330993,0.94747377049115711
0.36175496709489985,0.39354603774456448,0.36439282523765015,0.33684232612237885,0.072677490835187708,0.94963839400345995
0.39172003953356949,0.40629879596549417,0.4131049090677601,0.42744195505783023,0.032770898940459481,0.96350030196491887
-0.24136588282718063,-0.23443337234674272,-0.17217012836345769,-0.20371911867953749,0.8694565333756239,0.28299468505979752
-0.24408240522008665,-0.23266999579666361,-0.17232925564863735,-0.20399987449891963,0.86972483345730789,0.28247202134371285
-0.24844041782842696,-0.23065928451146528,-0.17257506006984458,-0.19961602052846422,0.86943000510892277,0.28341920225962458
-0.24884114029457211,-0.23346650131257043,-0.17238981972163298,-0.19966447910975779,0.87001999069637725,0.28226203949535056
-0.25389429622553755,-0.23409119038168541,-0.17221984085232478,-0.19816215188947478,0.87082101949307,0.28094787814939981
-0.25226635713740614,-0.23245950842742111,-0.17212512723582168,-0.20059988965414516,0.87061903317139677,0.28114257035109858
-0.25627826994035308,-0.23041873451142736,-0.17207392531593763,-0.20116769966616913,0.87110895623018492,0.2802926403949626
-0.26100915011489295,-0.23145318851239097,-0.17211395150311648,-0.19949120013709351,0.87193070526337846,0.27895145645380859
-0.26045228956790106,-0.2324418310757923,-0.17195943647533526,-0.19801081815316612,0.87171581838722934,0.27947744299582589
-0.2621475549141381,-0.23222450685254992,-0.17197724469187237,-0.19885436548956262,0.87215957409782319,0.27860260499638878
-0.26273005890102658,-0.23159973314261487,-0.17198315733626668,-0.20052567588586548,0.87245587535468283,0.27791733203185076
-0.26474756304034164,-0.2322938649208913,-0.17194556736789179,-0.20004961009558792,0.87288631581600762,0.27718374459726902
-0.26626244416819472,-0.23167374876547392,-0.17189748115825401,-0.19991458987771946,0.87303340597347578,0.27699181669480588
-0.26986828711208632,-0.23106498008622706,-0.17184188326673225,-0.19806637822870798,0.87328583129442205,0.27684978470679089
-0.2717622680236953,-0.2309556629692717,-0.17182531882345439,-0.19823961230427495,0.87366283014391877,0.27619645531189918
-0.2712198500938342,-0.23093950548479106,-0.17180807389351826,-0.19816544454587856,0.87353803575894629,0.2764227354923986
-0.27161317519449812,-0.23101077821375054,-0.17182632796333905,-0.19799519956974757,0.87360098165602063,0.27633058622497286
0.1328850652573989,0.16959036262232358,0.19080113162105297,0.24178522506126554,0.33383821264503755,0.84685135344295115
-0.15377967507081941,-0.043473774135061163,-0.14182340489261641,-0.096345970844527548,0.77470787976908995,0.46179285058088482
-0.40783272504811391,-0.37376919389988644,-0.41416499431790643,-0.46262394769573528,0.96491478149388443,0.032648776890976228
-0.41862087880172139,-0.37462278779294594,-0.42019700896021667,-0.45434434816855374,0.96548512919806795,0.030325627823105772
-0.15299055659182115,-0.19644017025841551,-0.19396477300488618,-0.19265376143128052,0.84630450160829707,0.33013789055146758
-0.13974210188041652,-0.19797919339724382,-0.23112055560896863,-0.19580853954865893,0.85267757133190369,0.3201145296860054
-0.13947429498185257,-0.19696992325333013,-0.26123159261287771,-0.22256149746898723,0.86415803664407242,0.29937920464052103
-0.095412961552988146,-0.0050899344074975747,-0.092263744611263521,-0.016899564291593644,0.70700330191729299,0.55436788858402009
-0.39749627463263032,-0.38848967061257622,-0.37325460766993063,-0.38594484083171238,0.95682032275557594,0.050684937327625801
-0.034861407284269459,-0.047396934983268593,-0.019817728922687017,-0.069824038223247259,0.69291479686859725,0.56691870331504579
-0.025361810980175759,-0.002447993985814044,-0.097440319079360752,-0.050963211925916907,0.69546048034586083,0.56678786115710755
-0.05412599194184306,-0.02938108146781189,-0.029484596886804104,-0.087033608446516156,0.70247658170833049,0.55612477581769881
-0.051053691430750871,-0.044758159805789927,-0.091394642213524391,-0.043386505451241328,0.71218522285513353,0.54353905825394611
-0.43545343934774083,-0.46119009610971518,-0.42816431798237803,-0.43314558675729919,0.97073049896228281,0.015185858959375187
0.45064051893567092,0.43700682133708768,0.44453823142367366,0.3885845296804995,0.021655981585337658,0.96867798632935653
-0.1461144749390601,-0.12758701760536348,-0.14348608333026558,-0.11841145718104562,0.79967945074878577,0.41528947489194612
-0.17492507022011677,-0.1314088361725593,-0.14770783669706899,-0.1221068315614524,0.81000230156644815,0.398570628514058
-0.15120630571843441,-0.12356310093544133,-0.1466317200454561,-0.16147153100594347,0.8114850115923038,0.39518487474785025
-0.16637370992073552,-0.11106732692324865,-0.16353024269176994,-0.16901909103296014,0.81828506780009214,0.38450926440227529
0.21080866587011729,0.25558050896178708,0.29190615161817596,0.27667544993272131,0.21065312797307767,0.90038982614781093
0.28803457708425029,0.24127492144930202,0.28305582555717218,0.24159939006765491,0.20204546498516185,0.90305709530185563
-0.27496684619318329,-0.29178988996054833,-0.23247445259931118,-0.23475254977711468,0.90012990381814129,0.21015416536538178
-0.1857613829086123,-0.16429296841453181,-0.1936819322042603,-0.2052511262961467,0.84894746615017502,0.32439911002258059
-0.23616637952245778,-0.16169423475110786,-0.1800732237045608,-0.2302156028628958,0.86130730419975421,0.3017623303350091
-0.23337278931567101,-0.20930865869010809,-0.19509348334145063,-0.26544663142871028,0.87876420583457004,0.26182532249249257
0.046813658140427428,0.0077425350735580295,0.06726457771002381,0.07313039009050061,0.55832143138817036,0.70092927760817703
0.026824854156885805,0.010897523704434073,0.084722374261857566,0.066047889955311537,0.56127649400111768,0.69906806680484457
-0.29167032547949673,-0.22670387726544391,-0.23215911981143597,-0.20908847162489916,0.8884970093860447,0.24001780866426303
-0.076650950373651508,-0.055706310832765123,-0.1036114769291609,-0.064533350429777717,0.73403233594536155,0.51488842558577153
0.081919795645072443,-0.018842265139798337,0.040605248861658567,0.017642812547955383,0.58839879483620061,0.67708027977886931
-0.010487047170332664,-0.019437323416432561,0.039825131611200978,-0.0058390797188266896,0.63140110897114354,0.63438324254588452
-0.40955940659495205,-0.4298679976895125,-0.38981921441238843,-0.45968384088122355,0.96678401742510134,0.026505590514514288
0.086792536542548149,0.075431949304626975,0.12235195213850721,0.070470077162079203,0.49242583468666901,0.75047732109096421
0.036206445483644649,0.079337889295496011,0.036783853090261748,0.10861214036580183,0.53224691947829916,0.72243368031425526
0.071002487040900175,0.00039833301502394114,0.025194297044745208,0.10936649468324169,0.55588675058072479,0.70583042917010608
0.1164516464281954,0.048081408352531323,-0.0056690738755816004,0.072522611249461286,0.54605438695481179,0.71422516472362285
0.10024525079532752,0.11504838828327624,0.1209626772639019,0.11777522790979791,0.44995581702557774,0.77816463244364908
0.10412585791920523,0.12749173692931998,0.11732967568666905,0.080673943398147485,0.46084364210375484,0.77167656693013542
0.29906837594083552,0.28105600172802314,0.24366777535862769,0.26640115887510485,0.18826765690603509,0.9082760030032867
0.34639462408022997,0.34232727599016677,0.28367618500545161,0.31497053337500902,0.12145416263315423,0.93307779360451293
0.35181461083037019,0.38883928080256785,0.35518014332231951,0.32873510009039303,0.081138680657864226,0.94680326953651095
0.34853390578545568,0.41927043606902237,0.35842460675536525,0.34789110281689961,0.070064405783602179,0.95124171033662253
0.34475046909498541,0.41897785265618748,0.35305813783494444,0.35864853854515283,0.06969161564347881,0.95135027621595436
0.3535976596752885,0.41041723016207743,0.34387952338502858,0.36927990809519601,0.068463647139857975,0.95145522476407363
0.35151386811219054,0.42667612715001052,0.34965406033634366,0.36521317374010598,0.065922541145211455,0.95284477080210805
-0.22955354195040401,-0.19702118412533248,-0.28204509001820283,-0.22472905438194274,0.88408679802284817,0.25040025319167136
-0.22671067297372668,-0.24165251592320983,-0.27871908874864415,-0.20709521149507049,0.88747095511341789,0.24133042247897496
-0.2413629643759504,-0.24321566601230354,-0.28313370808099164,-0.19269301805142486,0.88865375330756768,0.23989589901593489
-0.24780236380833251,-0.24487140879201175,-0.27859179397980788,-0.19162060243806331,0.88904005851441326,0.23876540170399752
-0.23411058253520131,-0.24952031639722064,-0.278931786541043,-0.19884698362455913,0.88873281374627433,0.23890839091585037
-0.090415089405094295,-0.11664693536459267,-0.052372799835980276,-0.09123443247619592,0.74930476601690144,0.49448560828622479
-0.44553296304029522,-0.43283616075385856,-0.47244426860369948,-0.45131475686768691,0.97307940061884257,0.010551152571900535
-0.42777062887998007,-0.41172530333860097,-0.36561378772741848,-0.42662400634817227,0.96311390570020228,0.03579677725813124
0.037264751377901098,0.074768768172545047,0.036312859698937799,0.14802823583992547,0.51993578255516193,0.73461790614092692
-0.23593650018071904,-0.19263579726289765,-0.17547047853236158,-0.26128153497566198,0.87218314024981769,0.27856154142651579
0.34107151070211439,0.35245646015426163,0.32809531022727012,0.28229848146067077,0.11659589622749722,0.93489904495789222
0.076446303070528882,0.0026729289808582555,0.031149268804803523,0.0077939953447069971,0.58885926777030906,0.67532957929037019
0.2952007593703676,0.2723278569062722,0.31165785741469798,0.3197356550118049,0.14934218640106944,0.92266352624111003
0.31094240947565643,0.35676810350867938,0.33736300728934632,0.32527189793898209,0.10706264322575376,0.93758375407814576
-0.45975396869364821,-0.47735469484570781,-0.46785219255011173,-0.49404322712996224,0.97765627334695671,0.0031963981557294741
-0.10957704446179822,-0.1130387525790244,-0.16170272817439682,-0.18484834850621212,0.80876809903360747,0.40305762753358998
-0.10978489536695925,-0.11408300857566125,-0.12522738330298058,-0.14193585365960368,0.78816052427181083,0.43439775732052677
0.15255809390705044,0.05328734797033581,0.16896544863032326,0.12573427492597941,0.43443315130976168,0.7921663148244471
0.17409810088374947,0.077973987904003839,0.17930223062527151,0.13338494808174525,0.40641310130739994,0.80815934881619866
0.17930341878870354,0.079364780487329714,0.1916604213715031,0.10217838599902847,0.41322604436215848,0.80565680388383032
-0.25671010636772978,-0.2122490158299204,-0.17108115596407542,-0.20398701057962859,0.86811915778605475,0.28666341205280732
-0.24216542772362798,-0.23397060247737286,-0.17646096976200737,-0.19637260649628668,0.86893430829817064,0.2840302812614226
-0.27820478067655724,-0.23110814055882928,-0.17298180045665579,-0.19648691696544957,0.87483473852944338,0.27425534855224076
-0.26003616613142405,-0.23809465751397271,-0.18252327427345164,-0.21765108226898069,0.87794698666327875,0.26412089459773558
-0.26173649339459804,-0.24264358930673491,-0.18626222772480244,-0.21798946401888031,0.87975533077539458,0.2598949570026019
-0.26383965909063151,-0.24840285374480633,-0.18327463927275114,-0.21945036937346907,0.88092847582743916,0.257769828688859
-0.26405796199239373,-0.26058105385744068,-0.1842819449108232,-0.21885320569310102,0.88319621697934547,0.25301598075877796
0.10707992360303299,0.029791858077503459,0.0056808074518588381,0.058450369275856631,0.55727188076683865,0.70382516507465054
0.10529012571599504,0.025836355255299273,0.094396840461432999,0.040909472279797146,0.53041459121113843,0.7243906101776374
-0.38751178042030843,-0.40029519773002514,-0.37843185551185987,-0.45775553277274017,0.96263970571987001,0.0384012892204042
-0.33297338910595797,-0.25340394473982047,-0.31357075073189333,-0.28790140200212749,0.92146007279078246,0.15502579901686808
-0.37353909170229627,-0.41106535155061813,-0.33091070726796223,-0.35986987124084119,0.95134007186208835,0.069589483766409055
0.35585036126840958,0.34696441923052068,0.33736574935091701,0.31692993583081497,0.098922090615497948,0.94029768526581592
0.37106876469744032,0.36972089078330367,0.33736925876306034,0.37079579380826644,0.073867896948287548,0.94893458447116596
-0.25553379216608502,-0.20931869860193791,-0.25590260286415251,-0.25661705740662399,0.89115413105831742,0.23131817120906895
-0.24094277229712263,-0.2096055717314417,-0.23166272675133193,-0.23870958001018214,0.88158483104538421,0.25302020842087558
-0.27289874167808986,-0.21190975893424316,-0.19328679042061742,-0.22681304361317373,0.8791362914558436,0.2616040455389802
-0.27973866525490698,-0.21218345625947235,-0.20938734586015231,-0.23935884446475672,0.88525919555613597,0.24703982809638669
-0.26862407706380648,-0.21216955950173585,-0.24960742642631351,-0.24183080552817476,0.89032048778745154,0.23335310413453192
-0.2654795417550091,-0.21246966284845156,-0.27917385549779961,-0.2496831348932711,0.89593178164516429,0.22049506472525771
-0.2725248885239494,-0.21237401968333039,-0.27617197351883993,-0.24182680029426729,0.89533823158497949,0.22215345514750473
-0.33735837501345944,-0.34289570062104929,-0.32364215030533749,-0.40829342505539934,0.9457973537587514,0.086659248388376575
-0.10397383838458757,-0.15028861423011297,-0.13791994749893952,-0.16125433826802857,0.80443428903151171,0.40843597625362071
-0.12235359736529178,-0.14182846927502959,-0.13552457454530029,-0.16057908748354249,0.80592760119048701,0.40485639074021629
-0.10214104994284048,-0.16486944204866028,-0.15025245349536101,-0.16068644665329537,0.81061249143367631,0.39833909239946552
-0.19169400300806749,-0.14880191521077835,-0.15541631105745254,-0.16077857361448847,0.8289130518729626,0.36377421917639063
-0.20733520796992175,-0.13987838960739171,-0.15114809120009415,-0.16085715175279594,0.82975104323163895,0.36368132547454823
-0.22645499443370232,-0.21138472168096967,-0.26760655662221305,-0.28798009567391641,0.89395985584543092,0.22669736608755031
-0.42136449524487052,-0.35290548150577317,-0.43110667671374647,-0.42063724904463262,0.96277939902099574,0.03811951905016786
-0.2444175751939652,-0.31020044431628335,-0.26373111771556051,-0.29045700081636378,0.91096179899226715,0.18215095457161756
-0.25894582641724195,-0.25430949647682261,-0.30220493999616294,-0.27441831385675919,0.90820872913580797,0.18818347680449132
-0.24315126478365517,-0.20590536039071089,-0.20961537455614088,-0.23461586620736008,0.87678082895633802,0.26450747267995278
-0.24485421055216455,-0.18455843323636506,-0.18059758683500807,-0.26334028020634587,0.87372958262037925,0.27575712520236462
-0.24100302512427163,-0.19887358320656029,-0.21059720952819791,-0.23603839407850935,0.87559472304125707,0.26742258408478503
-0.24053301265538063,-0.19074774503447217,-0.24549806097689392,-0.28166110515332499,0.88833846949185913,0.24073406289892096
-0.16312816302953731,-0.16940070066524193,-0.11441846879213574,-0.17542213574166368,0.82120964754705295,0.37923484348720582
-0.30990899112431286,-0.29776157295997147,-0.27790811316993719,-0.33342016390378193,0.92513780857817451,0.14282109168986235
-0.31488166175498322,-0.31643836370459727,-0.29016939741662762,-0.36399269580145355,0.93289218537426877,0.12233520618069105
0.1658963791106304,0.18643610453492732,0.16553289804882063,0.15000686344141118,0.35873403361194323,0.83137120754294713
0.19879835143051322,0.17725273971344938,0.16222591367276903,0.13906757198054967,0.35548151644865078,0.83369651413668888
0.1876102693445082,0.17410303030804655,0.15907915582626847,0.14934641151315201,0.35788068251753746,0.83191052864748971
0.17453534247422878,0.1675474730167261,0.17595019417855587,0.18389561563859558,0.34386071275648011,0.83882095240848298
0.17721205831862014,0.16875804095721678,0.1684934709309808,0.18892423024426355,0.34333284618610405,0.83916135234009293
0.17743997549515578,0.18921257626735202,0.16964015439389599,0.17775363930501198,0.33874394353019599,0.84145341666083495
0.17666173669737267,0.19602613361221391,0.18487845097765557,0.19970284453591883,0.32052016101590297,0.85057580145002443
0.18149021111854288,0.20028209314892143,0.17732445878534059,0.20871881175768844,0.31630512141352585,0.85278699014762038
0.1839441188329673,0.21555799454578614,0.1901927756755552,0.2028562860497205,0.3058543550622953,0.85775094193416568
0.17991602950943769,0.21917806640000401,0.19669999828670207,0.19991742577065588,0.30466055943102277,0.85840411924866755
0.17607949470955109,0.21678508727676973,0.20373907421479326,0.20810747203762428,0.30100169704097024,0.8601981506936387
0.17285038858758575,0.22223917444690261,0.2103067510133923,0.21073156211436841,0.29656257332868219,0.86248635142649654
0.17118686913465872,0.23084923704515947,0.21293441204754979,0.21047160120728389,0.29304873935030451,0.86435007497572947
0.17539078718475115,0.23113265485556583,0.21419987333283844,0.22336880596387498,0.28528207187596333,0.86788090957184083
0.17698104964703443,0.22937314282981983,0.21276059853196594,0.22947048914694676,0.28342533422552862,0.86872269859259921
0.18082456275975495,0.23616135531363219,0.20982919154502563,0.23054390380163303,0.27984547793943837,0.87036176337159121
0.18123867904633204,0.23623260726395615,0.20954903878187003,0.23158445641766159,0.27934206247433524,0.87059396311889725
0.28895274335665583,0.36664004255841698,0.33975062522632621,0.37498054327935038,0.098446190672577205,0.94182406270636154
-0.17182785997490882,-0.10497484761271447,-0.16667097929361366,-0.19344557113293609,0.82494659749508903,0.37426334694251306
0.22948791652630915,0.2077646105160425,0.18816385092124849,0.27369119661556907,0.26437571176545316,0.87818489513092712
-0.44097684404310777,-0.45958225585152362,-0.38471769305101716,-0.42587688665419915,0.96813378535291539,0.023618192843102292
-0.43606486355039115,-0.4834641298554217,-0.48765613276123709,-0.46248872536078767,0.97637071169487433,0.0059031112236360705
-0.40671264955126257,-0.38746804419088421,-0.43420173873880474,-0.47280424604786248,0.96757444226341338,0.026088645267802746
-0.39670205623804372,-0.39574030646143871,-0.41785128430143376,-0.45846657165419341,0.96552546775537562,0.029568039049814199
-0.0049716112645306967,0.012161004696687502,-0.0064161153932062766,0.060222663751753086,0.61048176601014681,0.65521577228009709
0.17997128388868369,0.23255439044449602,0.23352822750849819,0.26404395586657142,0.25964686229885658,0.88006720190238319
-0.0085730256290667533,-0.0028273014955812921,0.034512750265427439,-0.033796015725188693,0.63690776409682637,0.62906602546576029
-0.20618420671258897,-0.20581730160807749,-0.18467238589740947,-0.17151043153497486,0.85289030304780589,0.31628087470306054
-0.21032102758317914,-0.18800018134733326,-0.21950359671345607,-0.16875746117700821,0.85670103679701215,0.30902915299831402
-0.19667381263750541,-0.19443972625230938,-0.19438452513758553,-0.16974206935517544,0.85018067978641665,0.3214824784303606
-0.19366236232090625,-0.20269823857467115,-0.14650995518520002,-0.17138626189574444,0.84176704328046092,0.33977413727839445
-0.21334480505440906,-0.20686175897991921,-0.1547131212859307,-0.17871488634967286,0.85010459458483656,0.32331430952223095
-0.21093608597023081,-0.21462658792683792,-0.1717038450685226,-0.18213344721018149,0.85523063278439626,0.31189472821454578
-0.20086205015613523,-0.24385107107798148,-0.17455540419731813,-0.18237692411570966,0.85987008034916457,0.30364409396113101
-0.1922519510673619,-0.24797846233123991,-0.17722970610356303,-0.18204117569349829,0.85949395750320134,0.30476279789061045
-0.17970612924008783,-0.26138551109825026,-0.18856566030816937,-0.18486144469802659,0.86260100115217697,0.29940737498020686
-0.17707843872453671,-0.26679317473361225,-0.19644215659525369,-0.1817918192378713,0.86416016176460675,0.29676739613052405
-0.18155677151697952,-0.26388480842261719,-0.20106746801022873,-0.18261437051168222,0.86540669552383376,0.29337189505547068
-0.43034919117441067,-0.37364853546854709,-0.34600829992285415,-0.35304575257999199,0.95368217860352333,0.063986072012501838
0.38137792124787456,0.33172534189075403,0.36694630883630475,0.32777749126683869,0.085841615531567883,0.94527340891788425
0.38364339370496831,0.3389521476949911,0.37362487000187233,0.40018375341591761,0.063315931593152186,0.95302865559682459
-0.058308476229456035,0.025645092174997448,0.041010076502311053,0.014599036854338568,0.62581568350108074,0.64259948550447632
0.07963241326968365,0.024254314854338582,0.13922206444980051,0.082318393908889592,0.50720475105799023,0.74295802503734243
0.12217228068642075,0.09161245139651894,0.16691152129146755,0.068296643132531587,0.45493482173078792,0.77794622380444745
0.081417100235730858,0.070205257002848215,0.1285668736047047,0.078401764577874358,0.49117076230187529,0.75162728933883183
-0.44970645403137505,-0.47061287573438126,-0.45683522134913396,-0.45591803429727523,0.97460859714378112,0.007173607613102595
0.22742690393718393,0.16648595354680529,0.18628806314016083,0.19314626369159327,0.31483946238302118,0.85409455080632646
0.2686328087432851,0.23083056721276202,0.20007129789683406,0.20085081113716902,0.26319383313396649,0.87830062252689445
0.29932681122207833,0.28181984125751225,0.28587317023156189,0.23382817926559876,0.1850023488279765,0.90984871286189317
0.28137549415500696,0.26530724573085174,0.27410756420546067,0.23922213792945493,0.19901242937612973,0.90385854989818659
0.28713421201925687,0.25452686871574087,0.31336142133499317,0.243130837954803,0.1864798859703598,0.90952586836115901
0.29581086000480605,0.2650200200077038,0.34280184475454434,0.24105479800572449,0.17194249252595351,0.91609312441316171
0.29248100446279096,0.26930775309404686,0.352191825990883,0.23988759890293282,0.16955100265362533,0.91738178719068864
0.29099005128088762,0.27332623517494103,0.34723198209208905,0.25510552789921437,0.16337348279862629,0.91886859192825054
-0.056552077884311991,-0.031606587140172143,-0.040030296411940447,-0.028151335640334729,0.68743171862380836,0.57269265156638638
-0.099712205866897247,-0.06161769475576423,-0.14509538664792759,-0.088007091197501858,0.7623531574395559,0.47696390665437893
-0.1871759175913113,-0.14650481362954001,-0.18754268698069546,-0.1554983892051007,0.83346875015814836,0.35540217617923675
-0.17880150626911628,-0.13353001709740026,-0.16125455911071979,-0.18758980221890778,0.83003607928372314,0.36225535974601386
-0.16231260243144341,-0.12759315816210429,-0.20110122565395686,-0.19494571690118737,0.83585804291159427,0.35281185273099536
-0.40500975973746217,-0.44431831029550634,-0.46788732696950569,-0.4044292577395141,0.9687450619081075,0.022042031494272751
-0.28467804128528901,-0.27990662694069679,-0.23611725561364566,-0.28694753465144102,0.90792290019430799,0.18927801964437607
-0.29267845122784958,-0.27975981555668439,-0.23401368849572163,-0.28725507075118589,0.90881921896005236,0.18738439047783018
0.42684589386790939,0.43892762738630936,0.38433882567716326,0.36742009954356691,0.039245432251454937,0.96218695719578529
0.4312990646846997,0.43055881561841047,0.45225861366427306,0.36898327628996208,0.028570439257607605,0.96646568576853797
0.43260544524514283,0.42530423136185291,0.45089364415461658,0.36941170445350152,0.029152833362881103,0.96615676904511016
-0.27759827250045022,-0.31174229137218462,-0.32218621494372596,-0.32732489755308147,0.92749076015851017,0.13613426919347371
-0.34217499599561924,-0.35009737780092054,-0.33841552152272653,-0.40567093313195252,0.94792679185114559,0.079084545618723023
-0.2472765775483077,-0.32546617731874117,-0.28177331631393809,-0.33908804861322284,0.9223120381436708,0.15451658384945954
-0.30650160057193848,-0.23048913661517567,-0.30239786913930616,-0.36357296831859531,0.92374404913797548,0.15442353164803824
-0.12698514016635293,-0.088313439413857914,-0.13675185247836158,-0.1632955502440529,0.79497779273576374,0.42532178044076274
0.081873000880338387,0.12529142051625911,0.13198928042998936,0.14336393157037566,0.43890097952808105,0.78623823863492182
0.11207871962625639,0.14757339380485437,0.14955491604833404,0.20948070286117845,0.38239158274968055,0.82080418205573213
0.11023440474364493,0.14934614183281172,0.14222361944972081,0.16703480444899399,0.40174913566416703,0.808223193324209
0.15428756338675442,0.14723419688778447,0.14224707954154614,0.13554431625770541,0.39635916272134364,0.81050681351506371
0.18530599659364055,0.14613519589706639,0.15211353461272717,0.15808835733625687,0.37009179688306804,0.82543661202519347
0.17976522925904131,0.14983257349330473,0.14859429494414489,0.20704747423784164,0.35239522697315817,0.83551794958404579
0.19133400069972228,0.15147036098214151,0.14135256620797726,0.20990325345403107,0.34918620867484096,0.83759337783500432
0.182863666251004,0.15409020204797946,0.14131213799877373,0.20458841528325936,0.35348186442800245,0.83500875587469803
0.16662732252752138,0.10884704280724844,0.1066935304639004,0.15297296139541525,0.41681785977147667,0.80001990390181965
0.27508453665462895,0.26373964658700721,0.26094323860095681,0.30938744081898367,0.18117689145104743,0.91091790587072097
0.28332622176774108,0.25481892405228623,0.26311293755889414,0.30965017810499534,0.18078590679358075,0.91118736421151403
0.21733288294920647,0.22415729505896512,0.19285353424892496,0.26896247479061958,0.26192304622451723,0.87880077024267234
0.29076216114240339,0.25224451890010396,0.25826755845494936,0.30396227010394272,0.18292845408995417,0.91040910958682564
0.30819355072007887,0.25256385532023962,0.25881753427869447,0.28850263563000422,0.18201761479152412,0.91081742700407797
0.31574246885186952,0.24599734869854772,0.26329745773348567,0.29883498089699601,0.17713542566558815,0.91307487433701762
0.05368991576845597,0.068969010525628829,0.019272427380071296,0.0057765289065530162,0.57698017931857093,0.68517930007146477
0.029307169703024955,0.082446895884357274,0.016914697536452854,0.045439096819350704,0.56651555224651617,0.6939831396279692
0.034283259405883858,0.088556146305613995,0.045607355022201153,0.04302543317491557,0.55133400646824249,0.70607214871858792
0.024230916814024454,0.075084581685776863,0.058749740777897103,0.038166938900742381,0.55731680527275973,0.70101601149671233
0.023756001948113063,0.055630300931128009,0.054920984346121221,0.033487799760309959,0.56829022700356524,0.69136375996091415
0.16410002368835855,0.13366847441653232,0.12316330469747136,0.16611834774159134,0.39377885477227637,0.81261889370383134
0.16292697315024698,0.12250355606600152,0.14985002301237532,0.17642021559751878,0.38333581497567937,0.81856035400368143
0.16305704875782817,0.1391299280500323,0.19445624553528643,0.18226612735403513,0.35471910504949755,0.83402004656111539
0.16767942938428845,0.14546791053954813,0.20862572812400637,0.1765298210543646,0.34666279347582851,0.83834125296003559
0.1659576532135191,0.14572519228312522,0.20155732906541438,0.16222393449123357,0.35612819103544158,0.83323736837830442
0.16502839960912499,0.13903050248078958,0.20260874930745118,0.15467603211237904,0.3624962693673055,0.83015729195199273
0.16540855450860625,0.14535620709445399,0.20052343855155288,0.15570573052755951,0.35978320006386322,0.83135110532525103
0.16498099113166836,0.14000226742251734,0.19923472389719052,0.15791175942688399,0.361938253780275,0.83027566266854125
0.16288315631013095,0.13663393458875286,0.20549056437378849,0.15396697640334336,0.3637459367461392,0.82968516569989215
0.16054023197045161,0.12961854689132463,0.20796902988136778,0.15125383094311992,0.36828777761141673,0.82762528775598376
0.16040282795101835,0.1296941770652183,0.20416455354236782,0.1633063559060037,0.36449407378522358,0.82940614969873772
0.16060373324447461,0.1366227186402279,0.21979585336483318,0.17072887972460998,0.35219574827386235,0.83629169762581312
-0.26018327006651626,-0.25718413826498615,-0.22011175762513757,-0.31051388130702651,0.9023826581629808,0.20603351111733403
-0.38442560874104137,-0.35501858912791895,-0.40270709160700768,-0.39450471245410396,0.95620712819365783,0.053488553715604348
-0.3824072367727735,-0.35769302791930463,-0.4036568108901703,-0.43641319511687748,0.95955228657507885,0.046298571081679896
-0.37595053783676857,-0.43190567488578852,-0.42078514643077608,-0.37973309652591347,0.9615160165538259,0.039944541840804204
-0.15418999798099414,-0.12984832682642589,-0.14125274599274218,-0.1723523580237199,0.81509927986092245,0.38899454276155498
-0.45782643651361399,-0.44267906118599876,-0.49697533905366698,-0.49842645193568852,0.97755955799858663,0.0050630633774564338
-0.4664042953371797,-0.44448090159196901,-0.50937996688143605,-0.47191865331427924,0.97739208520215637,0.005074667616660089
-0.49385879101631364,-0.46100227970502022,-0.50076546006320954,-0.48487188750108901,0.97940660362552356,0.0017863848646632041
-0.49400850359827836,-0.46695677112740275,-0.49752259526618381,-0.48449754088706615,0.97950030023457579,0.0013732729727277126
